path	bytes	sha256
graph-renderer/graphs/citation-input.json	3721	6422754c77fbecf0d46a7bb025493346e78056206d0659fb0eeb02d058ed8b7f
graph-renderer/graphs/graph-output/graph.json	8904	360315046b7eb75080fc7fa13b73c145de4eadaa108b3bf26bc369dbced37ccf
graph-renderer/graphs/graph_ui_enhanced_test_20260924T084500Z/RESULT.md	1529	a40aff33bcba3a214951b3efdbbf1c59da110a373f3195289f4ba736f50ef859
graph-renderer/graphs/graph_ui_enhanced_test_20260924T084500Z/site/index.html	13608	b516116cbd365c87c784b202f924cad155ab66a8dba638c5e38825c84fd6edd0
graph-renderer/graphs/graph_ui_enhanced_test_20260924T084500Z/ui_verification.json	544	6af25d44ac2c96c0bacf910288d7741d45ae5de97a1905db577075fb5d3d8db9
graph-renderer/graphs/graph_ui_test_20260923T060000Z/RESULT.md	1160	cd29be064401576a1941990de0ec17533a340363707ec3df0695a2150dbf254b
graph-renderer/graphs/graph_ui_test_20260923T060000Z/site/index.html	13133	27b13e54fc1dc2d5006aab7df18cee1a5e7d189aeed69cf522f293cd35038e12
graph-renderer/graphs/graph_ui_test_20260923T060000Z/ui_test_result.json	597	f3d01ec1aef3014fc2a23b082da7df0bde3908f4120c1e2208a1a21549d4e9b2
hermes-profile/CONFIG_STRUCTURE.md	3308	3810a6215cd28760c677f9f01e5119108e838da1a62a5649acbfa70edfec156c
hermes-profile/memories/MEMORY.md	869	60daa211baa3c48762d4b5d753abffc7a310df4f60b4c0d83c239e8d2c30cc55
hermes-profile/memories/USER.md	1588	68cbcb954d32e2d38689a94cbfab11848ffa20d9f1c9f962b8e68e8673262fa7
hermes-profile/skills/productivity/pdf/SKILL.md	12489	c16b9c159a3a0b49353bfcd10c498b02aef3d319207b1019aa7dc8db129d06ab
hermes-profile/skills/productivity/pdf/references/forms.md	3950	471517e0b154fb765d04416f089b7e999103804b964a84675af49e2d53ee8da0
hermes-profile/skills/productivity/pdf/references/nano-pdf-editing.md	1342	2f0b15bd1ebbd45cf37ed257723ad63aa70b623b97f5242c886c14f8968cd773
hermes-profile/skills/productivity/pdf/references/ocr-extraction.md	5612	611f03bc3fdf7f29283bf609ee46362cef6bcbea91b965a74f37ddd8c513cd1e
hermes-profile/skills/productivity/pdf/scripts/_raster.py	2614	17ecfb8dd78b006e904d0f29e28172ce308a34588db99ec80b0f085d2a37b518
hermes-profile/skills/productivity/pdf/scripts/extract_marker.py	3458	a115ee1da5b88f7ab61c480ef9efb2b371350bed8f1cface7668898ba80aae38
hermes-profile/skills/productivity/pdf/scripts/extract_pymupdf.py	3671	784d233ee9849ce78cddc8253c87172c06a0b62c41aff7215fd97b77766babc8
hermes-profile/skills/productivity/pdf/scripts/pdf_create.py	4562	2a7a7c06c608e82cc11684bb67ff9cdb3bf8cbe6df38c6f4b1096dd2686f993c
hermes-profile/skills/productivity/pdf/scripts/pdf_fill_form.py	3887	d66d504d7f7fcb85c28881065c47dfbc6ac9b47294471531a7f013178c72a1ad
hermes-profile/skills/productivity/pdf/scripts/pdf_form_layout.py	7131	f654e386a8b1e5a26a1530b16d36177310dd48c6cb589ec6cf3dc1898a8ccdf9
hermes-profile/skills/productivity/pdf/scripts/pdf_make_form.py	5988	a194791f2d6504da9e629976620ac227a18a6ea14784d428c4cf4f57fafd6c3d
hermes-profile/skills/productivity/pdf/scripts/pdf_merge.py	1686	c1cf231f73b02790069227a4f711475b4b329c91e30e77826f24c05935674248
hermes-profile/skills/productivity/pdf/scripts/pdf_meta.py	4458	989c2564bb31d8b20abd53a4d7f86a603c930bd868e0201ad4cdec92d5487460
hermes-profile/skills/productivity/pdf/scripts/pdf_page_image.py	3589	40ad843fd50bd6bd91af1fd53de1cff1faf885921294afd304d0abf0fe93e4e2
hermes-profile/skills/productivity/pdf/scripts/pdf_read.py	5895	7d623cbbb6319f9f161dd769972250b08c426c291ed0af1a8304bec20437bfb2
hermes-profile/skills/productivity/pdf/scripts/pdf_secure.py	2679	65d0ba6733cb945e6147e4b46e0b6db0816096440b0f4fe24cc953307805e01b
hermes-profile/skills/productivity/pdf/scripts/pdf_split.py	3045	1e3d8f8e9aa8aa5445f8587e402e3bab65c785eb5b4aea120bc5b6216cb57cba
hermes-profile/skills/productivity/pdf/scripts/pdf_stamp.py	5779	e3bf6e29634be35ff99fee8a21a3e5f4f610298cb158942496d0949f0a941390
hermes-profile/skills/productivity/pdf/scripts/pdf_watermark.py	1852	d903977ee37194ad18bba205d2d96eefbbe6670519bcd8ae285f619645005ae2
hermes-profile/skills/productivity/pdf/tests/test_pdf_skill.py	17433	a2f6dd5be18f4c63a90fe4688d717145e74821d83afdd9e781adc815806a9119
hermes-profile/skills/research/grounded-citations/SKILL.md	11176	55083f47af62d04ab0cf25608193e20bedc422eda4265a5d2b28d04064d7b14a
hermes-profile/skills/research/grounded-citations/references/citation-formats.md	2418	209312a46dd9516e44e78f617589f789e07d54660e347b6b3882e8ac60097d04
hermes-profile/skills/research/grounded-citations/references/grounding-rationale.md	3127	2835754857ea05a1c801e88a50d4c2b4cc6ebd52cc4cc1f5741dba05f5af73c1
hermes-profile/skills/research/grounded-citations/scripts/_hermes_home.py	836	4bfa31ce48ffaca3ae3fdd2ba5f093a2bedc34b057eec22a38f46e2d68b333d4
hermes-profile/skills/research/grounded-citations/scripts/sources.py	25808	a867ae6ba99166b4114bfef1c15b57036e286fe22c48534caec28cc8335bde0c
hermes-profile/skills/research/korean-paper-analysis/SKILL.md	5340	af97f5c664ccbef29f5f3195d225e0e6c42e5fa56126d1e9cf136e2e28bfb992
hermes-profile/skills/research/paper-citation-graph/SKILL.md	6356	96a0bb2f6bb0bddc61ddcc9e283e92d612c27b33e9f82c2ff1df43bb0405db95
hermes-profile/skills/research/paper-citation-graph/references/execution.md	2410	a2c7eba90ea2c72111571cac7552b5303a21f7a6e482086a6500d68b83dece34
hermes-profile/skills/research/paper-citation-graph/references/source-notes.md	2094	b938e9353912ff1f51218eb182dd6c8f492ea35c1c2314b61b88d476d31d201b
hermes-profile/skills/research/paper-citation-graph/requirements.txt	16	10cab7ad30fe7e3954d086586ea6e1709df2c4e58ed2b85646f855441408e222
hermes-profile/skills/research/paper-citation-graph/scripts/build_forest.py	3197	991f07568d7bbc6c2bfd622403bb481cafb057b181d17badc104c9d843101319
hermes-profile/skills/research/paper-citation-graph/scripts/test_forest.py	1420	9190dacc65e24adce5bb11f4197d0cbe3cd6a7984f7507d3b5f21d153b323c97
hermes-profile/skills/research/research-paper-pipeline/SKILL.md	30789	9809d9c2dd4bfb6fb0927be46a6532749ef9a2d9bc3b9a50a997783cc65dc6d1
hermes-profile/skills/research/research-paper-pipeline/references/bk21-ai-security-baseline.md	1531	61cebc5f54ae8b18fa50bc295665447896e42b2a5e261472d5fb2e666b5868d5
hermes-profile/skills/research/research-paper-pipeline/references/bk21-four-ai-security-scope.md	1909	66c83bf2094ff97f4b104582ad9369639544f2c0e6d1785d14d8bab14d688860
source/.gitignore	94	3d4418a0ff4e754abf0254681ad7dc48806d734ab3196e6412d1c69ce15b697b
source/README.md	6637	f24f98033cf4dd928e0fbf5dafa0bda527f92e6fbbfe42c8e238e42413e1dc67
source/THIRD_PARTY_NOTICES.md	1029	b94446718b7d1de8d9cfe2445f7899b6dedf155b215404ff75c99e9a3d25eb9d
source/VALIDATION.md	3710	124e0d9845bd421bc1612070b22d51801fb6b9f0fe73020de36a44f053e5c890
source/pyproject.toml	522	b4413f784b0a0470683298998cae21f14d87d594ca5a0cb02d76331aa0ddfe27
source/root_paper_lab/__init__.py	69	3a47ccd61b482dcdf6ad1e6fc3395586b4e61c2dbade972450f3838a891b0670
source/root_paper_lab/core.py	7770	272a4e72cbb61e7367b2f5ae5ffce85e90ff0f44fbe5a4a85130a49bb68d1a6a
source/root_paper_lab/scholar.py	2675	a53a47cdcda144046f015982149cada7d650ffa133ce49b4f990ab55ec742ccc
source/root_paper_lab/server.py	13590	b8f132e288980012d3d1f8770d6eb8315080a20566cc87af8e0ecd9356ad704f
source/root_paper_lab/venues.py	12262	2dc5353001ef26fff27d7502e0a36f59a3a1ba92b3e8df88b330a98409b0ae26
source/scripts/check_paperqa.py	459	363540fe5beafec791d389e9144947852d0dc874ced5ecb1dfb91ba3e2be9c28
source/scripts/live_scholar_check.py	855	f845d8f020bd06eb03ae581dd3af9d6fe15c6db8dd6d3c9fdf3623d662c436f0
source/scripts/live_venue_check.py	926	c9768ea9a84430d6c3e3da4f3c2ee156798135983b030afd9f4615797de12f9f
source/scripts/package_bundle.py	1089	a0cac6a6a511a08e80688c23f289df1a610e87dd9555659c19b8f80230295218
source/scripts/smoke_mcp.py	1068	571d536c4e76c0b7a5e66090ee0c2ccec781983731d08660521eafdc2072d2d3
source/skills/root-paper-research/SKILL.md	6457	d0675567cfd918afa53a4abbfa3b3fc8d6c93e5d3b9f16c0704615c6e676f7ea
source/tests/test_core.py	4252	f6f50b590228fa02f7f69c5e45147b1a63e9389ede3109f000f4dbebb7db34c1
source/tests/test_integration.py	4147	4698482dc9d6241342252307508293d13bb1d65be050092cb224e116d93c624a
source-docs-branch/README.md	7114	85d1382653c47077a0c5f53eb33ca18c0230647d90f020c6306baaa2b18c6a5f
source-docs-branch/VALIDATION.md	4098	0ab810a0eae19cbed5afb757b8ff28f36e2e3013ba3dc5bc3f9ac7fb060d71b1
source-docs-branch/docs/operations-20260914.md	3225	73c3e9de40c7601c373c7f41f0ffc33b94f93f0591be8c0bbc9bf3a56bfa0155
source-docs-branch/docs/research-report-requirements.md	3077	58e08761526e6d6d8d437bea35de5070f06587ed986bbd59277b1bd335cdb0fb
